Kanda,Sarga,url
Bala Kanda,sarga1,https://valmikiramayan.net/utf8/baala/sarga1/bala_1_frame.htm
Bala Kanda,sarga2,https://valmikiramayan.net/utf8/baala/sarga2/bala_2_frame.htm
Bala Kanda,sarga3,https://valmikiramayan.net/utf8/baala/sarga3/bala_3_frame.htm
Bala Kanda,sarga4,https://valmikiramayan.net/utf8/baala/sarga4/bala_4_frame.htm
Bala Kanda,sarga5,https://valmikiramayan.net/utf8/baala/sarga5/bala_5_frame.htm
Bala Kanda,sarga6,https://valmikiramayan.net/utf8/baala/sarga6/bala_6_frame.htm
Bala Kanda,sarga7,https://valmikiramayan.net/utf8/baala/sarga7/bala_7_frame.htm
Bala Kanda,sarga8,https://valmikiramayan.net/utf8/baala/sarga8/bala_8_frame.htm
Bala Kanda,sarga9,https://valmikiramayan.net/utf8/baala/sarga9/bala_9_frame.htm
Bala Kanda,sarga10,https://valmikiramayan.net/utf8/baala/sarga10/bala_10_frame.htm
Bala Kanda,sarga11,https://valmikiramayan.net/utf8/baala/sarga11/bala_11_frame.htm
Bala Kanda,sarga12,https://valmikiramayan.net/utf8/baala/sarga12/bala_12_frame.htm
Bala Kanda,sarga13,https://valmikiramayan.net/utf8/baala/sarga13/bala_13_frame.htm
Bala Kanda,sarga14,https://valmikiramayan.net/utf8/baala/sarga14/bala_14_frame.htm
Bala Kanda,sarga15,https://valmikiramayan.net/utf8/baala/sarga15/bala_15_frame.htm
Bala Kanda,sarga16,https://valmikiramayan.net/utf8/baala/sarga16/bala_16_frame.htm
Bala Kanda,sarga17,https://valmikiramayan.net/utf8/baala/sarga17/bala_17_frame.htm
Bala Kanda,sarga18,https://valmikiramayan.net/utf8/baala/sarga18/bala_18_frame.htm
Bala Kanda,sarga19,https://valmikiramayan.net/utf8/baala/sarga19/bala_19_frame.htm
Bala Kanda,sarga20,https://valmikiramayan.net/utf8/baala/sarga20/bala_20_frame.htm
Bala Kanda,sarga21,https://valmikiramayan.net/utf8/baala/sarga21/bala_21_frame.htm
Bala Kanda,sarga22,https://valmikiramayan.net/utf8/baala/sarga22/bala_22_frame.htm
Bala Kanda,sarga23,https://valmikiramayan.net/utf8/baala/sarga23/bala_23_frame.htm
Bala Kanda,sarga24,https://valmikiramayan.net/utf8/baala/sarga24/bala_24_frame.htm
Bala Kanda,sarga25,https://valmikiramayan.net/utf8/baala/sarga25/bala_5F25_frame.htm
Bala Kanda,sarga26,https://valmikiramayan.net/utf8/baala/sarga26/bala_26_frame.htm
Bala Kanda,sarga27,https://valmikiramayan.net/utf8/baala/sarga27/bala_27_frame.htm
Bala Kanda,sarga28,https://valmikiramayan.net/utf8/baala/sarga28/bala_28_frame.htm
Bala Kanda,sarga29,https://valmikiramayan.net/utf8/baala/sarga29/bala_29_frame.htm
Bala Kanda,sarga30,https://valmikiramayan.net/utf8/baala/sarga30/bala_30_frame.htm
Bala Kanda,sarga31,https://valmikiramayan.net/utf8/baala/sarga31/bala_31_frame.htm
Bala Kanda,sarga32,https://valmikiramayan.net/utf8/baala/sarga32/bala_32_frame.htm
Bala Kanda,sarga33,https://valmikiramayan.net/utf8/baala/sarga33/bala_33_frame.htm
Bala Kanda,sarga34,https://valmikiramayan.net/utf8/baala/sarga34/bala_34_frame.htm
Bala Kanda,sarga35,https://valmikiramayan.net/utf8/baala/sarga35/bala_35_frame.htm
Bala Kanda,sarga36,https://valmikiramayan.net/utf8/baala/sarga36/bala_36_frame.htm
Bala Kanda,sarga37,https://valmikiramayan.net/utf8/baala/sarga37/bala_37_frame.htm
Bala Kanda,sarga38,https://valmikiramayan.net/utf8/baala/sarga38/bala_38_frame.htm
Bala Kanda,sarga39,https://valmikiramayan.net/utf8/baala/sarga39/bala_39_frame.htm
Bala Kanda,sarga40,https://valmikiramayan.net/utf8/baala/sarga40/bala_5F40_frame.htm
Bala Kanda,sarga41,https://valmikiramayan.net/utf8/baala/sarga41/bala_41_frame.htm
Bala Kanda,sarga42,https://valmikiramayan.net/utf8/baala/sarga42/bala_42_frame.htm
Bala Kanda,sarga43,https://valmikiramayan.net/utf8/baala/sarga43/bala_43_frame.htm
Bala Kanda,sarga44,https://valmikiramayan.net/utf8/baala/sarga44/bala_44_frame.htm
Bala Kanda,sarga45,https://valmikiramayan.net/utf8/baala/sarga45/bala_45_frame.htm
Bala Kanda,sarga46,https://valmikiramayan.net/utf8/baala/sarga46/bala_46_frame.htm
Bala Kanda,sarga47,https://valmikiramayan.net/utf8/baala/sarga47/bala_47_frame.htm
Bala Kanda,sarga48,https://valmikiramayan.net/utf8/baala/sarga48/bala_48_frame.htm
Bala Kanda,sarga49,https://valmikiramayan.net/utf8/baala/sarga49/bala_49_frame.htm
Bala Kanda,sarga50,https://valmikiramayan.net/utf8/baala/sarga50/bala_50_frame.htm
Bala Kanda,sarga51,https://valmikiramayan.net/utf8/baala/sarga51/bala_51_frame.htm
Bala Kanda,sarga52,https://valmikiramayan.net/utf8/baala/sarga52/bala_52_frame.htm
Bala Kanda,sarga53,https://valmikiramayan.net/utf8/baala/sarga53/bala_53_frame.htm
Bala Kanda,sarga54,https://valmikiramayan.net/utf8/baala/sarga54/bala_54_frame.htm
Bala Kanda,sarga55,https://valmikiramayan.net/utf8/baala/sarga55/bala_55_frame.htm
Bala Kanda,sarga56,https://valmikiramayan.net/utf8/baala/sarga56/bala_56_frame.htm
Bala Kanda,sarga57,https://valmikiramayan.net/utf8/baala/sarga57/bala_57_frame.htm
Bala Kanda,sarga58,https://valmikiramayan.net/utf8/baala/sarga58/bala_58_frame.htm
Bala Kanda,sarga59,https://valmikiramayan.net/utf8/baala/sarga59/bala_59_frame.htm
Bala Kanda,sarga60,https://valmikiramayan.net/utf8/baala/sarga60/bala_60_frame.htm
Bala Kanda,sarga61,https://valmikiramayan.net/utf8/baala/sarga61/bala_61_frame.htm
Bala Kanda,sarga62,https://valmikiramayan.net/utf8/baala/sarga62/bala_62_frame.htm
Bala Kanda,sarga63,https://valmikiramayan.net/utf8/baala/sarga63/bala_63_frame.htm
Bala Kanda,sarga64,https://valmikiramayan.net/utf8/baala/sarga64/bala_64_frame.htm
Bala Kanda,sarga65,https://valmikiramayan.net/utf8/baala/sarga65/bala_65_frame.htm
Bala Kanda,sarga66,https://valmikiramayan.net/utf8/baala/sarga66/bala_66_frame.htm
Bala Kanda,sarga67,https://valmikiramayan.net/utf8/baala/sarga67/bala_67_frame.htm
Bala Kanda,sarga68,https://valmikiramayan.net/utf8/baala/sarga68/bala_68_frame.htm
Bala Kanda,sarga69,https://valmikiramayan.net/utf8/baala/sarga69/bala_69_frame.htm
Bala Kanda,sarga70,https://valmikiramayan.net/utf8/baala/sarga70/bala_70_frame.htm
Bala Kanda,sarga71,https://valmikiramayan.net/utf8/baala/sarga71/bala_71_frame.htm
Bala Kanda,sarga72,https://valmikiramayan.net/utf8/baala/sarga72/bala_72_frame.htm
Bala Kanda,sarga73,https://valmikiramayan.net/utf8/baala/sarga73/bala_73_frame.htm
Bala Kanda,sarga74,https://valmikiramayan.net/utf8/baala/sarga74/bala_74_frame.htm
Bala Kanda,sarga75,https://valmikiramayan.net/utf8/baala/sarga75/bala_75_frame.htm
Bala Kanda,sarga76,https://valmikiramayan.net/utf8/baala/sarga76/bala_76_frame.htm
Bala Kanda,sarga77,https://valmikiramayan.net/utf8/baala/sarga77/bala_77_frame.htm
Kishkindha Kanda,sarga1,https://valmikiramayan.net/utf8/kish/sarga1/kishkindha_1_frame.htm
Kishkindha Kanda,sarga2,https://valmikiramayan.net/utf8/kish/sarga2/kishkindha_2_frame.htm
Kishkindha Kanda,sarga3,https://valmikiramayan.net/utf8/kish/sarga3/kishkindha_3_frame.htm
Kishkindha Kanda,sarga4,https://valmikiramayan.net/utf8/kish/sarga4/kishkindha_4_frame.htm
Kishkindha Kanda,sarga5,https://valmikiramayan.net/utf8/kish/sarga5/kishkindha_5_frame.htm
Kishkindha Kanda,sarga6,https://valmikiramayan.net/utf8/kish/sarga6/kishkindha_6_frame.htm
Kishkindha Kanda,sarga7,https://valmikiramayan.net/utf8/kish/sarga7/kishkindha_7_frame.htm
Kishkindha Kanda,sarga8,https://valmikiramayan.net/utf8/kish/sarga8/kishkindha_8_frame.htm
Kishkindha Kanda,sarga9,https://valmikiramayan.net/utf8/kish/sarga9/kishkindha_9_frame.htm
Kishkindha Kanda,sarga10,https://valmikiramayan.net/utf8/kish/sarga10/kishkindha_10_frame.htm
Kishkindha Kanda,sarga11,https://valmikiramayan.net/utf8/kish/sarga11/kishkindha_11_frame.htm
Kishkindha Kanda,sarga12,https://valmikiramayan.net/utf8/kish/sarga12/kishkindha_12_frame.htm
Kishkindha Kanda,sarga13,https://valmikiramayan.net/utf8/kish/sarga13/kishkindha_13_frame.htm
Kishkindha Kanda,sarga14,https://valmikiramayan.net/utf8/kish/sarga14/kishkindha_14_frame.htm
Kishkindha Kanda,sarga15,https://valmikiramayan.net/utf8/kish/sarga15/kishkindha_15_frame.htm
Kishkindha Kanda,sarga16,https://valmikiramayan.net/utf8/kish/sarga16/kishkindha_16_frame.htm
Kishkindha Kanda,sarga17,https://valmikiramayan.net/utf8/kish/sarga17/kishkindha_17_frame.htm
Kishkindha Kanda,sarga18,https://valmikiramayan.net/utf8/kish/sarga18/kishkindha_18_frame.htm
Kishkindha Kanda,sarga19,https://valmikiramayan.net/utf8/kish/sarga19/kishkindha_19_frame.htm
Kishkindha Kanda,sarga20,https://valmikiramayan.net/utf8/kish/sarga20/kishkindha_20_frame.htm
Kishkindha Kanda,sarga21,https://valmikiramayan.net/utf8/kish/sarga21/kishkindha_21_frame.htm
Kishkindha Kanda,sarga22,https://valmikiramayan.net/utf8/kish/sarga22/kishkindha_22_frame.htm
Kishkindha Kanda,sarga23,https://valmikiramayan.net/utf8/kish/sarga23/kishkindha_23_frame.htm
Kishkindha Kanda,sarga24,https://valmikiramayan.net/utf8/kish/sarga24/kishkindha_24_frame.htm
Kishkindha Kanda,sarga25,https://valmikiramayan.net/utf8/kish/sarga25/kishkindha_5F25_frame.htm
Kishkindha Kanda,sarga26,https://valmikiramayan.net/utf8/kish/sarga26/kishkindha_26_frame.htm
Kishkindha Kanda,sarga27,https://valmikiramayan.net/utf8/kish/sarga27/kishkindha_27_frame.htm
Kishkindha Kanda,sarga28,https://valmikiramayan.net/utf8/kish/sarga28/kishkindha_28_frame.htm
Kishkindha Kanda,sarga29,https://valmikiramayan.net/utf8/kish/sarga29/kishkindha_29_frame.htm
Kishkindha Kanda,sarga30,https://valmikiramayan.net/utf8/kish/sarga30/kishkindha_30_frame.htm
Kishkindha Kanda,sarga31,https://valmikiramayan.net/utf8/kish/sarga31/kishkindha_31_frame.htm
Kishkindha Kanda,sarga32,https://valmikiramayan.net/utf8/kish/sarga32/kishkindha_32_frame.htm
Kishkindha Kanda,sarga33,https://valmikiramayan.net/utf8/kish/sarga33/kishkindha_33_frame.htm
Kishkindha Kanda,sarga34,https://valmikiramayan.net/utf8/kish/sarga34/kishkindha_34_frame.htm
Kishkindha Kanda,sarga35,https://valmikiramayan.net/utf8/kish/sarga35/kishkindha_35_frame.htm
Kishkindha Kanda,sarga36,https://valmikiramayan.net/utf8/kish/sarga36/kishkindha_36_frame.htm
Kishkindha Kanda,sarga37,https://valmikiramayan.net/utf8/kish/sarga37/kishkindha_37_frame.htm
Kishkindha Kanda,sarga38,https://valmikiramayan.net/utf8/kish/sarga38/kishkindha_38_frame.htm
Kishkindha Kanda,sarga39,https://valmikiramayan.net/utf8/kish/sarga39/kishkindha_39_frame.htm
Kishkindha Kanda,sarga40,https://valmikiramayan.net/utf8/kish/sarga40/kishkindha_5F40_frame.htm
Kishkindha Kanda,sarga41,https://valmikiramayan.net/utf8/kish/sarga41/kishkindha_41_frame.htm
Kishkindha Kanda,sarga42,https://valmikiramayan.net/utf8/kish/sarga42/kishkindha_42_frame.htm
Kishkindha Kanda,sarga43,https://valmikiramayan.net/utf8/kish/sarga43/kishkindha_43_frame.htm
Kishkindha Kanda,sarga44,https://valmikiramayan.net/utf8/kish/sarga44/kishkindha_44_frame.htm
Kishkindha Kanda,sarga45,https://valmikiramayan.net/utf8/kish/sarga45/kishkindha_45_frame.htm
Kishkindha Kanda,sarga46,https://valmikiramayan.net/utf8/kish/sarga46/kishkindha_46_frame.htm
Kishkindha Kanda,sarga47,https://valmikiramayan.net/utf8/kish/sarga47/kishkindha_47_frame.htm
Kishkindha Kanda,sarga48,https://valmikiramayan.net/utf8/kish/sarga48/kishkindha_48_frame.htm
Kishkindha Kanda,sarga49,https://valmikiramayan.net/utf8/kish/sarga49/kishkindha_49_frame.htm
Kishkindha Kanda,sarga50,https://valmikiramayan.net/utf8/kish/sarga50/kishkindha_50_frame.htm
Kishkindha Kanda,sarga51,https://valmikiramayan.net/utf8/kish/sarga51/kishkindha_51_frame.htm
Kishkindha Kanda,sarga52,https://valmikiramayan.net/utf8/kish/sarga52/kishkindha_52_frame.htm
Kishkindha Kanda,sarga53,https://valmikiramayan.net/utf8/kish/sarga53/kishkindha_53_frame.htm
Kishkindha Kanda,sarga54,https://valmikiramayan.net/utf8/kish/sarga54/kishkindha_54_frame.htm
Kishkindha Kanda,sarga55,https://valmikiramayan.net/utf8/kish/sarga55/kishkindha_55_frame.htm
Kishkindha Kanda,sarga56,https://valmikiramayan.net/utf8/kish/sarga56/kishkindha_56_frame.htm
Kishkindha Kanda,sarga57,https://valmikiramayan.net/utf8/kish/sarga57/kishkindha_57_frame.htm
Kishkindha Kanda,sarga58,https://valmikiramayan.net/utf8/kish/sarga58/kishkindha_58_frame.htm
Kishkindha Kanda,sarga59,https://valmikiramayan.net/utf8/kish/sarga59/kishkindha_59_frame.htm
Kishkindha Kanda,sarga60,https://valmikiramayan.net/utf8/kish/sarga60/kishkindha_60_frame.htm
Kishkindha Kanda,sarga61,https://valmikiramayan.net/utf8/kish/sarga61/kishkindha_61_frame.htm
Kishkindha Kanda,sarga62,https://valmikiramayan.net/utf8/kish/sarga62/kishkindha_62_frame.htm
Kishkindha Kanda,sarga63,https://valmikiramayan.net/utf8/kish/sarga63/kishkindha_63_frame.htm
Kishkindha Kanda,sarga64,https://valmikiramayan.net/utf8/kish/sarga64/kishkindha_64_frame.htm
Kishkindha Kanda,sarga65,https://valmikiramayan.net/utf8/kish/sarga65/kishkindha_65_frame.htm
Kishkindha Kanda,sarga66,https://valmikiramayan.net/utf8/kish/sarga66/kishkindha_66_frame.htm
Kishkindha Kanda,sarga67,https://valmikiramayan.net/utf8/kish/sarga67/kishkindha_67_frame.htm
Yuddha Kanda,sarga1,https://valmikiramayan.net/utf8/yuddha/sarga1/yuddha_1_frame.htm
Yuddha Kanda,sarga2,https://valmikiramayan.net/utf8/yuddha/sarga2/yuddha_2_frame.htm
Yuddha Kanda,sarga3,https://valmikiramayan.net/utf8/yuddha/sarga3/yuddha_3_frame.htm
Yuddha Kanda,sarga4,https://valmikiramayan.net/utf8/yuddha/sarga4/yuddha_4_frame.htm
Yuddha Kanda,sarga5,https://valmikiramayan.net/utf8/yuddha/sarga5/yuddha_5_frame.htm
Yuddha Kanda,sarga6,https://valmikiramayan.net/utf8/yuddha/sarga6/yuddha_6_frame.htm
Yuddha Kanda,sarga7,https://valmikiramayan.net/utf8/yuddha/sarga7/yuddha_7_frame.htm
Yuddha Kanda,sarga8,https://valmikiramayan.net/utf8/yuddha/sarga8/yuddha_8_frame.htm
Yuddha Kanda,sarga9,https://valmikiramayan.net/utf8/yuddha/sarga9/yuddha_9_frame.htm
Yuddha Kanda,sarga10,https://valmikiramayan.net/utf8/yuddha/sarga10/yuddha_10_frame.htm
Yuddha Kanda,sarga11,https://valmikiramayan.net/utf8/yuddha/sarga11/yuddha_11_frame.htm
Yuddha Kanda,sarga12,https://valmikiramayan.net/utf8/yuddha/sarga12/yuddha_12_frame.htm
Yuddha Kanda,sarga13,https://valmikiramayan.net/utf8/yuddha/sarga13/yuddha_13_frame.htm
Yuddha Kanda,sarga14,https://valmikiramayan.net/utf8/yuddha/sarga14/yuddha_14_frame.htm
Yuddha Kanda,sarga15,https://valmikiramayan.net/utf8/yuddha/sarga15/yuddha_15_frame.htm
Yuddha Kanda,sarga16,https://valmikiramayan.net/utf8/yuddha/sarga16/yuddha_16_frame.htm
Yuddha Kanda,sarga17,https://valmikiramayan.net/utf8/yuddha/sarga17/yuddha_17_frame.htm
Yuddha Kanda,sarga18,https://valmikiramayan.net/utf8/yuddha/sarga18/yuddha_18_frame.htm
Yuddha Kanda,sarga19,https://valmikiramayan.net/utf8/yuddha/sarga19/yuddha_19_frame.htm
Yuddha Kanda,sarga20,https://valmikiramayan.net/utf8/yuddha/sarga20/yuddha_20_frame.htm
Yuddha Kanda,sarga21,https://valmikiramayan.net/utf8/yuddha/sarga21/yuddha_21_frame.htm
Yuddha Kanda,sarga22,https://valmikiramayan.net/utf8/yuddha/sarga22/yuddha_22_frame.htm
Yuddha Kanda,sarga23,https://valmikiramayan.net/utf8/yuddha/sarga23/yuddha_23_frame.htm
Yuddha Kanda,sarga24,https://valmikiramayan.net/utf8/yuddha/sarga24/yuddha_24_frame.htm
Yuddha Kanda,sarga25,https://valmikiramayan.net/utf8/yuddha/sarga25/yuddha_5F25_frame.htm
Yuddha Kanda,sarga26,https://valmikiramayan.net/utf8/yuddha/sarga26/yuddha_26_frame.htm
Yuddha Kanda,sarga27,https://valmikiramayan.net/utf8/yuddha/sarga27/yuddha_27_frame.htm
Yuddha Kanda,sarga28,https://valmikiramayan.net/utf8/yuddha/sarga28/yuddha_28_frame.htm
Yuddha Kanda,sarga29,https://valmikiramayan.net/utf8/yuddha/sarga29/yuddha_29_frame.htm
Yuddha Kanda,sarga30,https://valmikiramayan.net/utf8/yuddha/sarga30/yuddha_30_frame.htm
Yuddha Kanda,sarga31,https://valmikiramayan.net/utf8/yuddha/sarga31/yuddha_31_frame.htm
Yuddha Kanda,sarga32,https://valmikiramayan.net/utf8/yuddha/sarga32/yuddha_32_frame.htm
Yuddha Kanda,sarga33,https://valmikiramayan.net/utf8/yuddha/sarga33/yuddha_33_frame.htm
Yuddha Kanda,sarga34,https://valmikiramayan.net/utf8/yuddha/sarga34/yuddha_34_frame.htm
Yuddha Kanda,sarga35,https://valmikiramayan.net/utf8/yuddha/sarga35/yuddha_35_frame.htm
Yuddha Kanda,sarga36,https://valmikiramayan.net/utf8/yuddha/sarga36/yuddha_36_frame.htm
Yuddha Kanda,sarga37,https://valmikiramayan.net/utf8/yuddha/sarga37/yuddha_37_frame.htm
Yuddha Kanda,sarga38,https://valmikiramayan.net/utf8/yuddha/sarga38/yuddha_38_frame.htm
Yuddha Kanda,sarga39,https://valmikiramayan.net/utf8/yuddha/sarga39/yuddha_39_frame.htm
Yuddha Kanda,sarga40,https://valmikiramayan.net/utf8/yuddha/sarga40/yuddha_5F40_frame.htm
Yuddha Kanda,sarga41,https://valmikiramayan.net/utf8/yuddha/sarga41/yuddha_41_frame.htm
Yuddha Kanda,sarga42,https://valmikiramayan.net/utf8/yuddha/sarga42/yuddha_42_frame.htm
Yuddha Kanda,sarga43,https://valmikiramayan.net/utf8/yuddha/sarga43/yuddha_43_frame.htm
Yuddha Kanda,sarga44,https://valmikiramayan.net/utf8/yuddha/sarga44/yuddha_44_frame.htm
Yuddha Kanda,sarga45,https://valmikiramayan.net/utf8/yuddha/sarga45/yuddha_45_frame.htm
Yuddha Kanda,sarga46,https://valmikiramayan.net/utf8/yuddha/sarga46/yuddha_46_frame.htm
Yuddha Kanda,sarga47,https://valmikiramayan.net/utf8/yuddha/sarga47/yuddha_47_frame.htm
Yuddha Kanda,sarga48,https://valmikiramayan.net/utf8/yuddha/sarga48/yuddha_48_frame.htm
Yuddha Kanda,sarga49,https://valmikiramayan.net/utf8/yuddha/sarga49/yuddha_49_frame.htm
Yuddha Kanda,sarga50,https://valmikiramayan.net/utf8/yuddha/sarga50/yuddha_50_frame.htm
Yuddha Kanda,sarga51,https://valmikiramayan.net/utf8/yuddha/sarga51/yuddha_51_frame.htm
Yuddha Kanda,sarga52,https://valmikiramayan.net/utf8/yuddha/sarga52/yuddha_52_frame.htm
Yuddha Kanda,sarga53,https://valmikiramayan.net/utf8/yuddha/sarga53/yuddha_53_frame.htm
Yuddha Kanda,sarga54,https://valmikiramayan.net/utf8/yuddha/sarga54/yuddha_54_frame.htm
Yuddha Kanda,sarga55,https://valmikiramayan.net/utf8/yuddha/sarga55/yuddha_55_frame.htm
Yuddha Kanda,sarga56,https://valmikiramayan.net/utf8/yuddha/sarga56/yuddha_56_frame.htm
Yuddha Kanda,sarga57,https://valmikiramayan.net/utf8/yuddha/sarga57/yuddha_57_frame.htm
Yuddha Kanda,sarga58,https://valmikiramayan.net/utf8/yuddha/sarga58/yuddha_58_frame.htm
Yuddha Kanda,sarga59,https://valmikiramayan.net/utf8/yuddha/sarga59/yuddha_59_frame.htm
Yuddha Kanda,sarga60,https://valmikiramayan.net/utf8/yuddha/sarga60/yuddha_60_frame.htm
Yuddha Kanda,sarga61,https://valmikiramayan.net/utf8/yuddha/sarga61/yuddha_61_frame.htm
Yuddha Kanda,sarga62,https://valmikiramayan.net/utf8/yuddha/sarga62/yuddha_62_frame.htm
Yuddha Kanda,sarga63,https://valmikiramayan.net/utf8/yuddha/sarga63/yuddha_63_frame.htm
Yuddha Kanda,sarga64,https://valmikiramayan.net/utf8/yuddha/sarga64/yuddha_64_frame.htm
Yuddha Kanda,sarga65,https://valmikiramayan.net/utf8/yuddha/sarga65/yuddha_65_frame.htm
Yuddha Kanda,sarga66,https://valmikiramayan.net/utf8/yuddha/sarga66/yuddha_66_frame.htm
Yuddha Kanda,sarga67,https://valmikiramayan.net/utf8/yuddha/sarga67/yuddha_67_frame.htm
Yuddha Kanda,sarga68,https://valmikiramayan.net/utf8/yuddha/sarga68/yuddha_68_frame.htm
Yuddha Kanda,sarga69,https://valmikiramayan.net/utf8/yuddha/sarga69/yuddha_69_frame.htm
Yuddha Kanda,sarga70,https://valmikiramayan.net/utf8/yuddha/sarga70/yuddha_70_frame.htm
Yuddha Kanda,sarga71,https://valmikiramayan.net/utf8/yuddha/sarga71/yuddha_71_frame.htm
Yuddha Kanda,sarga72,https://valmikiramayan.net/utf8/yuddha/sarga72/yuddha_72_frame.htm
Yuddha Kanda,sarga73,https://valmikiramayan.net/utf8/yuddha/sarga73/yuddha_73_frame.htm
Yuddha Kanda,sarga74,https://valmikiramayan.net/utf8/yuddha/sarga74/yuddha_74_frame.htm
Yuddha Kanda,sarga75,https://valmikiramayan.net/utf8/yuddha/sarga75/yuddha_75_frame.htm
Yuddha Kanda,sarga76,https://valmikiramayan.net/utf8/yuddha/sarga76/yuddha_76_frame.htm
Yuddha Kanda,sarga77,https://valmikiramayan.net/utf8/yuddha/sarga77/yuddha_77_frame.htm
Yuddha Kanda,sarga78,https://valmikiramayan.net/utf8/yuddha/sarga78/yuddha_78_frame.htm
Yuddha Kanda,sarga79,https://valmikiramayan.net/utf8/yuddha/sarga79/yuddha_79_frame.htm
Yuddha Kanda,sarga80,https://valmikiramayan.net/utf8/yuddha/sarga80/yuddha_80_frame.htm
Yuddha Kanda,sarga81,https://valmikiramayan.net/utf8/yuddha/sarga81/yuddha_81_frame.htm
Yuddha Kanda,sarga82,https://valmikiramayan.net/utf8/yuddha/sarga82/yuddha_82_frame.htm
Yuddha Kanda,sarga83,https://valmikiramayan.net/utf8/yuddha/sarga83/yuddha_83_frame.htm
Yuddha Kanda,sarga84,https://valmikiramayan.net/utf8/yuddha/sarga84/yuddha_84_frame.htm
Yuddha Kanda,sarga85,https://valmikiramayan.net/utf8/yuddha/sarga85/yuddha_85_frame.htm
Yuddha Kanda,sarga86,https://valmikiramayan.net/utf8/yuddha/sarga86/yuddha_86_frame.htm
Yuddha Kanda,sarga87,https://valmikiramayan.net/utf8/yuddha/sarga87/yuddha_87_frame.htm
Yuddha Kanda,sarga88,https://valmikiramayan.net/utf8/yuddha/sarga88/yuddha_88_frame.htm
Yuddha Kanda,sarga89,https://valmikiramayan.net/utf8/yuddha/sarga89/yuddha_89_frame.htm
Yuddha Kanda,sarga90,https://valmikiramayan.net/utf8/yuddha/sarga90/yuddha_90_frame.htm
Yuddha Kanda,sarga91,https://valmikiramayan.net/utf8/yuddha/sarga91/yuddha_91_frame.htm
Yuddha Kanda,sarga92,https://valmikiramayan.net/utf8/yuddha/sarga92/yuddha_92_frame.htm
Yuddha Kanda,sarga93,https://valmikiramayan.net/utf8/yuddha/sarga93/yuddha_93_frame.htm
Yuddha Kanda,sarga94,https://valmikiramayan.net/utf8/yuddha/sarga94/yuddha_94_frame.htm
Yuddha Kanda,sarga95,https://valmikiramayan.net/utf8/yuddha/sarga95/yuddha_95_frame.htm
Yuddha Kanda,sarga96,https://valmikiramayan.net/utf8/yuddha/sarga96/yuddha_96_frame.htm
Yuddha Kanda,sarga97,https://valmikiramayan.net/utf8/yuddha/sarga97/yuddha_97_frame.htm
Yuddha Kanda,sarga98,https://valmikiramayan.net/utf8/yuddha/sarga98/yuddha_98_frame.htm
Yuddha Kanda,sarga99,https://valmikiramayan.net/utf8/yuddha/sarga99/yuddha_99_frame.htm
Yuddha Kanda,sarga100,https://valmikiramayan.net/utf8/yuddha/sarga100/yuddha_100_frame.htm
Yuddha Kanda,sarga101,https://valmikiramayan.net/utf8/yuddha/sarga101/yuddha_101_frame.htm
Yuddha Kanda,sarga102,https://valmikiramayan.net/utf8/yuddha/sarga102/yuddha_102_frame.htm
Yuddha Kanda,sarga103,https://valmikiramayan.net/utf8/yuddha/sarga103/yuddha_103_frame.htm
Yuddha Kanda,sarga104,https://valmikiramayan.net/utf8/yuddha/sarga104/yuddha_104_frame.htm
Yuddha Kanda,sarga105,https://valmikiramayan.net/utf8/yuddha/sarga105/yuddha_105_frame.htm
Yuddha Kanda,sarga106,https://valmikiramayan.net/utf8/yuddha/sarga106/yuddha_106_frame.htm
Yuddha Kanda,sarga107,https://valmikiramayan.net/utf8/yuddha/sarga107/yuddha_107_frame.htm
Yuddha Kanda,sarga108,https://valmikiramayan.net/utf8/yuddha/sarga108/yuddha_108_frame.htm
Yuddha Kanda,sarga109,https://valmikiramayan.net/utf8/yuddha/sarga109/yuddha_109_frame.htm
Yuddha Kanda,sarga110,https://valmikiramayan.net/utf8/yuddha/sarga110/yuddha_110_frame.htm
Yuddha Kanda,sarga111,https://valmikiramayan.net/utf8/yuddha/sarga111/yuddha_111_frame.htm
Yuddha Kanda,sarga112,https://valmikiramayan.net/utf8/yuddha/sarga112/yuddha_112_frame.htm
Yuddha Kanda,sarga113,https://valmikiramayan.net/utf8/yuddha/sarga113/yuddha_113_frame.htm
Yuddha Kanda,sarga114,https://valmikiramayan.net/utf8/yuddha/sarga114/yuddha_114_frame.htm
Yuddha Kanda,sarga115,https://valmikiramayan.net/utf8/yuddha/sarga115/yuddha_115_frame.htm
Yuddha Kanda,sarga116,https://valmikiramayan.net/utf8/yuddha/sarga116/yuddha_116_frame.htm
Yuddha Kanda,sarga117,https://valmikiramayan.net/utf8/yuddha/sarga117/yuddha_117_frame.htm
Yuddha Kanda,sarga118,https://valmikiramayan.net/utf8/yuddha/sarga118/yuddha_118_frame.htm
Yuddha Kanda,sarga119,https://valmikiramayan.net/utf8/yuddha/sarga119/yuddha_119_frame.htm
Yuddha Kanda,sarga120,https://valmikiramayan.net/utf8/yuddha/sarga120/yuddha_120_frame.htm
Yuddha Kanda,sarga121,https://valmikiramayan.net/utf8/yuddha/sarga121/yuddha_121_frame.htm
Yuddha Kanda,sarga122,https://valmikiramayan.net/utf8/yuddha/sarga122/yuddha_122_frame.htm
Yuddha Kanda,sarga123,https://valmikiramayan.net/utf8/yuddha/sarga123/yuddha_123_frame.htm
Yuddha Kanda,sarga124,https://valmikiramayan.net/utf8/yuddha/sarga124/yuddha_124_frame.htm
Yuddha Kanda,sarga125,https://valmikiramayan.net/utf8/yuddha/sarga125/yuddha_125_frame.htm
Yuddha Kanda,sarga126,https://valmikiramayan.net/utf8/yuddha/sarga126/yuddha_126_frame.htm
Yuddha Kanda,sarga127,https://valmikiramayan.net/utf8/yuddha/sarga127/yuddha_127_frame.htm
Yuddha Kanda,sarga128,https://valmikiramayan.net/utf8/yuddha/sarga128/yuddha_128_frame.htm
Yuddha Kanda ( Book of War ),sarga1,https://valmikiramayan.net/utf8/yuddha/sarga1/yuddha_1_frame.htm
Yuddha Kanda ( Book of War ),sarga2,https://valmikiramayan.net/utf8/yuddha/sarga2/yuddha_2_frame.htm
Yuddha Kanda ( Book of War ),sarga3,https://valmikiramayan.net/utf8/yuddha/sarga3/yuddha_3_frame.htm
Yuddha Kanda ( Book of War ),sarga4,https://valmikiramayan.net/utf8/yuddha/sarga4/yuddha_4_frame.htm
Yuddha Kanda ( Book of War ),sarga5,https://valmikiramayan.net/utf8/yuddha/sarga5/yuddha_5_frame.htm
Yuddha Kanda ( Book of War ),sarga6,https://valmikiramayan.net/utf8/yuddha/sarga6/yuddha_6_frame.htm
Yuddha Kanda ( Book of War ),sarga7,https://valmikiramayan.net/utf8/yuddha/sarga7/yuddha_7_frame.htm
Yuddha Kanda ( Book of War ),sarga8,https://valmikiramayan.net/utf8/yuddha/sarga8/yuddha_8_frame.htm
Yuddha Kanda ( Book of War ),sarga9,https://valmikiramayan.net/utf8/yuddha/sarga9/yuddha_9_frame.htm
Yuddha Kanda ( Book of War ),sarga10,https://valmikiramayan.net/utf8/yuddha/sarga10/yuddha_10_frame.htm
Yuddha Kanda ( Book of War ),sarga11,https://valmikiramayan.net/utf8/yuddha/sarga11/yuddha_11_frame.htm
Yuddha Kanda ( Book of War ),sarga12,https://valmikiramayan.net/utf8/yuddha/sarga12/yuddha_12_frame.htm
Yuddha Kanda ( Book of War ),sarga13,https://valmikiramayan.net/utf8/yuddha/sarga13/yuddha_13_frame.htm
Yuddha Kanda ( Book of War ),sarga14,https://valmikiramayan.net/utf8/yuddha/sarga14/yuddha_14_frame.htm
Yuddha Kanda ( Book of War ),sarga15,https://valmikiramayan.net/utf8/yuddha/sarga15/yuddha_15_frame.htm
Yuddha Kanda ( Book of War ),sarga16,https://valmikiramayan.net/utf8/yuddha/sarga16/yuddha_16_frame.htm
Yuddha Kanda ( Book of War ),sarga17,https://valmikiramayan.net/utf8/yuddha/sarga17/yuddha_17_frame.htm
Yuddha Kanda ( Book of War ),sarga18,https://valmikiramayan.net/utf8/yuddha/sarga18/yuddha_18_frame.htm
Yuddha Kanda ( Book of War ),sarga19,https://valmikiramayan.net/utf8/yuddha/sarga19/yuddha_19_frame.htm
Yuddha Kanda ( Book of War ),sarga20,https://valmikiramayan.net/utf8/yuddha/sarga20/yuddha_20_frame.htm
Yuddha Kanda ( Book of War ),sarga21,https://valmikiramayan.net/utf8/yuddha/sarga21/yuddha_21_frame.htm
Yuddha Kanda ( Book of War ),sarga22,https://valmikiramayan.net/utf8/yuddha/sarga22/yuddha_22_frame.htm
Yuddha Kanda ( Book of War ),sarga23,https://valmikiramayan.net/utf8/yuddha/sarga23/yuddha_23_frame.htm
Yuddha Kanda ( Book of War ),sarga24,https://valmikiramayan.net/utf8/yuddha/sarga24/yuddha_24_frame.htm
Yuddha Kanda ( Book of War ),sarga25,https://valmikiramayan.net/utf8/yuddha/sarga25/yuddha_5F25_frame.htm
Yuddha Kanda ( Book of War ),sarga26,https://valmikiramayan.net/utf8/yuddha/sarga26/yuddha_26_frame.htm
Yuddha Kanda ( Book of War ),sarga27,https://valmikiramayan.net/utf8/yuddha/sarga27/yuddha_27_frame.htm
Yuddha Kanda ( Book of War ),sarga28,https://valmikiramayan.net/utf8/yuddha/sarga28/yuddha_28_frame.htm
Yuddha Kanda ( Book of War ),sarga29,https://valmikiramayan.net/utf8/yuddha/sarga29/yuddha_29_frame.htm
Yuddha Kanda ( Book of War ),sarga30,https://valmikiramayan.net/utf8/yuddha/sarga30/yuddha_30_frame.htm
Yuddha Kanda ( Book of War ),sarga31,https://valmikiramayan.net/utf8/yuddha/sarga31/yuddha_31_frame.htm
Yuddha Kanda ( Book of War ),sarga32,https://valmikiramayan.net/utf8/yuddha/sarga32/yuddha_32_frame.htm
Yuddha Kanda ( Book of War ),sarga33,https://valmikiramayan.net/utf8/yuddha/sarga33/yuddha_33_frame.htm
Yuddha Kanda ( Book of War ),sarga34,https://valmikiramayan.net/utf8/yuddha/sarga34/yuddha_34_frame.htm
Yuddha Kanda ( Book of War ),sarga35,https://valmikiramayan.net/utf8/yuddha/sarga35/yuddha_35_frame.htm
Yuddha Kanda ( Book of War ),sarga36,https://valmikiramayan.net/utf8/yuddha/sarga36/yuddha_36_frame.htm
Yuddha Kanda ( Book of War ),sarga37,https://valmikiramayan.net/utf8/yuddha/sarga37/yuddha_37_frame.htm
Yuddha Kanda ( Book of War ),sarga38,https://valmikiramayan.net/utf8/yuddha/sarga38/yuddha_38_frame.htm
Yuddha Kanda ( Book of War ),sarga39,https://valmikiramayan.net/utf8/yuddha/sarga39/yuddha_39_frame.htm
Yuddha Kanda ( Book of War ),sarga40,https://valmikiramayan.net/utf8/yuddha/sarga40/yuddha_5F40_frame.htm
Yuddha Kanda ( Book of War ),sarga41,https://valmikiramayan.net/utf8/yuddha/sarga41/yuddha_41_frame.htm
Yuddha Kanda ( Book of War ),sarga42,https://valmikiramayan.net/utf8/yuddha/sarga42/yuddha_42_frame.htm
Yuddha Kanda ( Book of War ),sarga43,https://valmikiramayan.net/utf8/yuddha/sarga43/yuddha_43_frame.htm
Yuddha Kanda ( Book of War ),sarga44,https://valmikiramayan.net/utf8/yuddha/sarga44/yuddha_44_frame.htm
Yuddha Kanda ( Book of War ),sarga45,https://valmikiramayan.net/utf8/yuddha/sarga45/yuddha_45_frame.htm
Yuddha Kanda ( Book of War ),sarga46,https://valmikiramayan.net/utf8/yuddha/sarga46/yuddha_46_frame.htm
Yuddha Kanda ( Book of War ),sarga47,https://valmikiramayan.net/utf8/yuddha/sarga47/yuddha_47_frame.htm
Yuddha Kanda ( Book of War ),sarga48,https://valmikiramayan.net/utf8/yuddha/sarga48/yuddha_48_frame.htm
Yuddha Kanda ( Book of War ),sarga49,https://valmikiramayan.net/utf8/yuddha/sarga49/yuddha_49_frame.htm
Yuddha Kanda ( Book of War ),sarga50,https://valmikiramayan.net/utf8/yuddha/sarga50/yuddha_50_frame.htm
Yuddha Kanda ( Book of War ),sarga51,https://valmikiramayan.net/utf8/yuddha/sarga51/yuddha_51_frame.htm
Yuddha Kanda ( Book of War ),sarga52,https://valmikiramayan.net/utf8/yuddha/sarga52/yuddha_52_frame.htm
Yuddha Kanda ( Book of War ),sarga53,https://valmikiramayan.net/utf8/yuddha/sarga53/yuddha_53_frame.htm
Yuddha Kanda ( Book of War ),sarga54,https://valmikiramayan.net/utf8/yuddha/sarga54/yuddha_54_frame.htm
Yuddha Kanda ( Book of War ),sarga55,https://valmikiramayan.net/utf8/yuddha/sarga55/yuddha_55_frame.htm
Yuddha Kanda ( Book of War ),sarga56,https://valmikiramayan.net/utf8/yuddha/sarga56/yuddha_56_frame.htm
Yuddha Kanda ( Book of War ),sarga57,https://valmikiramayan.net/utf8/yuddha/sarga57/yuddha_57_frame.htm
Yuddha Kanda ( Book of War ),sarga58,https://valmikiramayan.net/utf8/yuddha/sarga58/yuddha_58_frame.htm
Yuddha Kanda ( Book of War ),sarga59,https://valmikiramayan.net/utf8/yuddha/sarga59/yuddha_59_frame.htm
Yuddha Kanda ( Book of War ),sarga60,https://valmikiramayan.net/utf8/yuddha/sarga60/yuddha_60_frame.htm
Yuddha Kanda ( Book of War ),sarga61,https://valmikiramayan.net/utf8/yuddha/sarga61/yuddha_61_frame.htm
Yuddha Kanda ( Book of War ),sarga62,https://valmikiramayan.net/utf8/yuddha/sarga62/yuddha_62_frame.htm
Yuddha Kanda ( Book of War ),sarga63,https://valmikiramayan.net/utf8/yuddha/sarga63/yuddha_63_frame.htm
Yuddha Kanda ( Book of War ),sarga64,https://valmikiramayan.net/utf8/yuddha/sarga64/yuddha_64_frame.htm
Yuddha Kanda ( Book of War ),sarga65,https://valmikiramayan.net/utf8/yuddha/sarga65/yuddha_65_frame.htm
Yuddha Kanda ( Book of War ),sarga66,https://valmikiramayan.net/utf8/yuddha/sarga66/yuddha_66_frame.htm
Yuddha Kanda ( Book of War ),sarga67,https://valmikiramayan.net/utf8/yuddha/sarga67/yuddha_67_frame.htm
Yuddha Kanda ( Book of War ),sarga68,https://valmikiramayan.net/utf8/yuddha/sarga68/yuddha_68_frame.htm
Yuddha Kanda ( Book of War ),sarga69,https://valmikiramayan.net/utf8/yuddha/sarga69/yuddha_69_frame.htm
Yuddha Kanda ( Book of War ),sarga70,https://valmikiramayan.net/utf8/yuddha/sarga70/yuddha_70_frame.htm
Yuddha Kanda ( Book of War ),sarga71,https://valmikiramayan.net/utf8/yuddha/sarga71/yuddha_71_frame.htm
Yuddha Kanda ( Book of War ),sarga72,https://valmikiramayan.net/utf8/yuddha/sarga72/yuddha_72_frame.htm
Yuddha Kanda ( Book of War ),sarga73,https://valmikiramayan.net/utf8/yuddha/sarga73/yuddha_73_frame.htm
Yuddha Kanda ( Book of War ),sarga74,https://valmikiramayan.net/utf8/yuddha/sarga74/yuddha_74_frame.htm
Yuddha Kanda ( Book of War ),sarga75,https://valmikiramayan.net/utf8/yuddha/sarga75/yuddha_75_frame.htm
Yuddha Kanda ( Book of War ),sarga76,https://valmikiramayan.net/utf8/yuddha/sarga76/yuddha_76_frame.htm
Yuddha Kanda ( Book of War ),sarga77,https://valmikiramayan.net/utf8/yuddha/sarga77/yuddha_77_frame.htm
Yuddha Kanda ( Book of War ),sarga78,https://valmikiramayan.net/utf8/yuddha/sarga78/yuddha_78_frame.htm
Yuddha Kanda ( Book of War ),sarga79,https://valmikiramayan.net/utf8/yuddha/sarga79/yuddha_79_frame.htm
Yuddha Kanda ( Book of War ),sarga80,https://valmikiramayan.net/utf8/yuddha/sarga80/yuddha_80_frame.htm
Yuddha Kanda ( Book of War ),sarga81,https://valmikiramayan.net/utf8/yuddha/sarga81/yuddha_81_frame.htm
Yuddha Kanda ( Book of War ),sarga82,https://valmikiramayan.net/utf8/yuddha/sarga82/yuddha_82_frame.htm
Yuddha Kanda ( Book of War ),sarga83,https://valmikiramayan.net/utf8/yuddha/sarga83/yuddha_83_frame.htm
Yuddha Kanda ( Book of War ),sarga84,https://valmikiramayan.net/utf8/yuddha/sarga84/yuddha_84_frame.htm
Yuddha Kanda ( Book of War ),sarga85,https://valmikiramayan.net/utf8/yuddha/sarga85/yuddha_85_frame.htm
Yuddha Kanda ( Book of War ),sarga86,https://valmikiramayan.net/utf8/yuddha/sarga86/yuddha_86_frame.htm
Yuddha Kanda ( Book of War ),sarga87,https://valmikiramayan.net/utf8/yuddha/sarga87/yuddha_87_frame.htm
Yuddha Kanda ( Book of War ),sarga88,https://valmikiramayan.net/utf8/yuddha/sarga88/yuddha_88_frame.htm
Yuddha Kanda ( Book of War ),sarga89,https://valmikiramayan.net/utf8/yuddha/sarga89/yuddha_89_frame.htm
Yuddha Kanda ( Book of War ),sarga90,https://valmikiramayan.net/utf8/yuddha/sarga90/yuddha_90_frame.htm
Yuddha Kanda ( Book of War ),sarga91,https://valmikiramayan.net/utf8/yuddha/sarga91/yuddha_91_frame.htm
Yuddha Kanda ( Book of War ),sarga92,https://valmikiramayan.net/utf8/yuddha/sarga92/yuddha_92_frame.htm
Yuddha Kanda ( Book of War ),sarga93,https://valmikiramayan.net/utf8/yuddha/sarga93/yuddha_93_frame.htm
Yuddha Kanda ( Book of War ),sarga94,https://valmikiramayan.net/utf8/yuddha/sarga94/yuddha_94_frame.htm
Yuddha Kanda ( Book of War ),sarga95,https://valmikiramayan.net/utf8/yuddha/sarga95/yuddha_95_frame.htm
Yuddha Kanda ( Book of War ),sarga96,https://valmikiramayan.net/utf8/yuddha/sarga96/yuddha_96_frame.htm
Yuddha Kanda ( Book of War ),sarga97,https://valmikiramayan.net/utf8/yuddha/sarga97/yuddha_97_frame.htm
Yuddha Kanda ( Book of War ),sarga98,https://valmikiramayan.net/utf8/yuddha/sarga98/yuddha_98_frame.htm
Yuddha Kanda ( Book of War ),sarga99,https://valmikiramayan.net/utf8/yuddha/sarga99/yuddha_99_frame.htm
Yuddha Kanda ( Book of War ),sarga100,https://valmikiramayan.net/utf8/yuddha/sarga100/yuddha_100_frame.htm
Yuddha Kanda ( Book of War ),sarga101,https://valmikiramayan.net/utf8/yuddha/sarga101/yuddha_101_frame.htm
Yuddha Kanda ( Book of War ),sarga102,https://valmikiramayan.net/utf8/yuddha/sarga102/yuddha_102_frame.htm
Yuddha Kanda ( Book of War ),sarga103,https://valmikiramayan.net/utf8/yuddha/sarga103/yuddha_103_frame.htm
Yuddha Kanda ( Book of War ),sarga104,https://valmikiramayan.net/utf8/yuddha/sarga104/yuddha_104_frame.htm
Yuddha Kanda ( Book of War ),sarga105,https://valmikiramayan.net/utf8/yuddha/sarga105/yuddha_105_frame.htm
Yuddha Kanda ( Book of War ),sarga106,https://valmikiramayan.net/utf8/yuddha/sarga106/yuddha_106_frame.htm
Yuddha Kanda ( Book of War ),sarga107,https://valmikiramayan.net/utf8/yuddha/sarga107/yuddha_107_frame.htm
Yuddha Kanda ( Book of War ),sarga108,https://valmikiramayan.net/utf8/yuddha/sarga108/yuddha_108_frame.htm
Yuddha Kanda ( Book of War ),sarga109,https://valmikiramayan.net/utf8/yuddha/sarga109/yuddha_109_frame.htm
Yuddha Kanda ( Book of War ),sarga110,https://valmikiramayan.net/utf8/yuddha/sarga110/yuddha_110_frame.htm
Yuddha Kanda ( Book of War ),sarga111,https://valmikiramayan.net/utf8/yuddha/sarga111/yuddha_111_frame.htm
Yuddha Kanda ( Book of War ),sarga112,https://valmikiramayan.net/utf8/yuddha/sarga112/yuddha_112_frame.htm
Yuddha Kanda ( Book of War ),sarga113,https://valmikiramayan.net/utf8/yuddha/sarga113/yuddha_113_frame.htm
Yuddha Kanda ( Book of War ),sarga114,https://valmikiramayan.net/utf8/yuddha/sarga114/yuddha_114_frame.htm
Yuddha Kanda ( Book of War ),sarga115,https://valmikiramayan.net/utf8/yuddha/sarga115/yuddha_115_frame.htm
Yuddha Kanda ( Book of War ),sarga116,https://valmikiramayan.net/utf8/yuddha/sarga116/yuddha_116_frame.htm
Yuddha Kanda ( Book of War ),sarga117,https://valmikiramayan.net/utf8/yuddha/sarga117/yuddha_117_frame.htm
Yuddha Kanda ( Book of War ),sarga118,https://valmikiramayan.net/utf8/yuddha/sarga118/yuddha_118_frame.htm
Yuddha Kanda ( Book of War ),sarga119,https://valmikiramayan.net/utf8/yuddha/sarga119/yuddha_119_frame.htm
Yuddha Kanda ( Book of War ),sarga120,https://valmikiramayan.net/utf8/yuddha/sarga120/yuddha_120_frame.htm
Yuddha Kanda ( Book of War ),sarga121,https://valmikiramayan.net/utf8/yuddha/sarga121/yuddha_121_frame.htm
Yuddha Kanda ( Book of War ),sarga122,https://valmikiramayan.net/utf8/yuddha/sarga122/yuddha_122_frame.htm
Yuddha Kanda ( Book of War ),sarga123,https://valmikiramayan.net/utf8/yuddha/sarga123/yuddha_123_frame.htm
Yuddha Kanda ( Book of War ),sarga124,https://valmikiramayan.net/utf8/yuddha/sarga124/yuddha_124_frame.htm
Yuddha Kanda ( Book of War ),sarga125,https://valmikiramayan.net/utf8/yuddha/sarga125/yuddha_125_frame.htm
Yuddha Kanda ( Book of War ),sarga126,https://valmikiramayan.net/utf8/yuddha/sarga126/yuddha_126_frame.htm
Yuddha Kanda ( Book of War ),sarga127,https://valmikiramayan.net/utf8/yuddha/sarga127/yuddha_127_frame.htm
Yuddha Kanda ( Book of War ),sarga128,https://valmikiramayan.net/utf8/yuddha/sarga128/yuddha_128_frame.htm
Bala Kanda ( Book of Youth),sarga1,https://valmikiramayan.net/utf8/baala/sarga1/bala_1_frame.htm
Bala Kanda ( Book of Youth),sarga2,https://valmikiramayan.net/utf8/baala/sarga2/bala_2_frame.htm
Bala Kanda ( Book of Youth),sarga3,https://valmikiramayan.net/utf8/baala/sarga3/bala_3_frame.htm
Bala Kanda ( Book of Youth),sarga4,https://valmikiramayan.net/utf8/baala/sarga4/bala_4_frame.htm
Bala Kanda ( Book of Youth),sarga5,https://valmikiramayan.net/utf8/baala/sarga5/bala_5_frame.htm
Bala Kanda ( Book of Youth),sarga6,https://valmikiramayan.net/utf8/baala/sarga6/bala_6_frame.htm
Bala Kanda ( Book of Youth),sarga7,https://valmikiramayan.net/utf8/baala/sarga7/bala_7_frame.htm
Bala Kanda ( Book of Youth),sarga8,https://valmikiramayan.net/utf8/baala/sarga8/bala_8_frame.htm
Bala Kanda ( Book of Youth),sarga9,https://valmikiramayan.net/utf8/baala/sarga9/bala_9_frame.htm
Bala Kanda ( Book of Youth),sarga10,https://valmikiramayan.net/utf8/baala/sarga10/bala_10_frame.htm
Bala Kanda ( Book of Youth),sarga11,https://valmikiramayan.net/utf8/baala/sarga11/bala_11_frame.htm
Bala Kanda ( Book of Youth),sarga12,https://valmikiramayan.net/utf8/baala/sarga12/bala_12_frame.htm
Bala Kanda ( Book of Youth),sarga13,https://valmikiramayan.net/utf8/baala/sarga13/bala_13_frame.htm
Bala Kanda ( Book of Youth),sarga14,https://valmikiramayan.net/utf8/baala/sarga14/bala_14_frame.htm
Bala Kanda ( Book of Youth),sarga15,https://valmikiramayan.net/utf8/baala/sarga15/bala_15_frame.htm
Bala Kanda ( Book of Youth),sarga16,https://valmikiramayan.net/utf8/baala/sarga16/bala_16_frame.htm
Bala Kanda ( Book of Youth),sarga17,https://valmikiramayan.net/utf8/baala/sarga17/bala_17_frame.htm
Bala Kanda ( Book of Youth),sarga18,https://valmikiramayan.net/utf8/baala/sarga18/bala_18_frame.htm
Bala Kanda ( Book of Youth),sarga19,https://valmikiramayan.net/utf8/baala/sarga19/bala_19_frame.htm
Bala Kanda ( Book of Youth),sarga20,https://valmikiramayan.net/utf8/baala/sarga20/bala_20_frame.htm
Bala Kanda ( Book of Youth),sarga21,https://valmikiramayan.net/utf8/baala/sarga21/bala_21_frame.htm
Bala Kanda ( Book of Youth),sarga22,https://valmikiramayan.net/utf8/baala/sarga22/bala_22_frame.htm
Bala Kanda ( Book of Youth),sarga23,https://valmikiramayan.net/utf8/baala/sarga23/bala_23_frame.htm
Bala Kanda ( Book of Youth),sarga24,https://valmikiramayan.net/utf8/baala/sarga24/bala_24_frame.htm
Bala Kanda ( Book of Youth),sarga25,https://valmikiramayan.net/utf8/baala/sarga25/bala_5F25_frame.htm
Bala Kanda ( Book of Youth),sarga26,https://valmikiramayan.net/utf8/baala/sarga26/bala_26_frame.htm
Bala Kanda ( Book of Youth),sarga27,https://valmikiramayan.net/utf8/baala/sarga27/bala_27_frame.htm
Bala Kanda ( Book of Youth),sarga28,https://valmikiramayan.net/utf8/baala/sarga28/bala_28_frame.htm
Bala Kanda ( Book of Youth),sarga29,https://valmikiramayan.net/utf8/baala/sarga29/bala_29_frame.htm
Bala Kanda ( Book of Youth),sarga30,https://valmikiramayan.net/utf8/baala/sarga30/bala_30_frame.htm
Bala Kanda ( Book of Youth),sarga31,https://valmikiramayan.net/utf8/baala/sarga31/bala_31_frame.htm
Bala Kanda ( Book of Youth),sarga32,https://valmikiramayan.net/utf8/baala/sarga32/bala_32_frame.htm
Bala Kanda ( Book of Youth),sarga33,https://valmikiramayan.net/utf8/baala/sarga33/bala_33_frame.htm
Bala Kanda ( Book of Youth),sarga34,https://valmikiramayan.net/utf8/baala/sarga34/bala_34_frame.htm
Bala Kanda ( Book of Youth),sarga35,https://valmikiramayan.net/utf8/baala/sarga35/bala_35_frame.htm
Bala Kanda ( Book of Youth),sarga36,https://valmikiramayan.net/utf8/baala/sarga36/bala_36_frame.htm
Bala Kanda ( Book of Youth),sarga37,https://valmikiramayan.net/utf8/baala/sarga37/bala_37_frame.htm
Bala Kanda ( Book of Youth),sarga38,https://valmikiramayan.net/utf8/baala/sarga38/bala_38_frame.htm
Bala Kanda ( Book of Youth),sarga39,https://valmikiramayan.net/utf8/baala/sarga39/bala_39_frame.htm
Bala Kanda ( Book of Youth),sarga40,https://valmikiramayan.net/utf8/baala/sarga40/bala_5F40_frame.htm
Bala Kanda ( Book of Youth),sarga41,https://valmikiramayan.net/utf8/baala/sarga41/bala_41_frame.htm
Bala Kanda ( Book of Youth),sarga42,https://valmikiramayan.net/utf8/baala/sarga42/bala_42_frame.htm
Bala Kanda ( Book of Youth),sarga43,https://valmikiramayan.net/utf8/baala/sarga43/bala_43_frame.htm
Bala Kanda ( Book of Youth),sarga44,https://valmikiramayan.net/utf8/baala/sarga44/bala_44_frame.htm
Bala Kanda ( Book of Youth),sarga45,https://valmikiramayan.net/utf8/baala/sarga45/bala_45_frame.htm
Bala Kanda ( Book of Youth),sarga46,https://valmikiramayan.net/utf8/baala/sarga46/bala_46_frame.htm
Bala Kanda ( Book of Youth),sarga47,https://valmikiramayan.net/utf8/baala/sarga47/bala_47_frame.htm
Bala Kanda ( Book of Youth),sarga48,https://valmikiramayan.net/utf8/baala/sarga48/bala_48_frame.htm
Bala Kanda ( Book of Youth),sarga49,https://valmikiramayan.net/utf8/baala/sarga49/bala_49_frame.htm
Bala Kanda ( Book of Youth),sarga50,https://valmikiramayan.net/utf8/baala/sarga50/bala_50_frame.htm
Bala Kanda ( Book of Youth),sarga51,https://valmikiramayan.net/utf8/baala/sarga51/bala_51_frame.htm
Bala Kanda ( Book of Youth),sarga52,https://valmikiramayan.net/utf8/baala/sarga52/bala_52_frame.htm
Bala Kanda ( Book of Youth),sarga53,https://valmikiramayan.net/utf8/baala/sarga53/bala_53_frame.htm
Bala Kanda ( Book of Youth),sarga54,https://valmikiramayan.net/utf8/baala/sarga54/bala_54_frame.htm
Bala Kanda ( Book of Youth),sarga55,https://valmikiramayan.net/utf8/baala/sarga55/bala_55_frame.htm
Bala Kanda ( Book of Youth),sarga56,https://valmikiramayan.net/utf8/baala/sarga56/bala_56_frame.htm
Bala Kanda ( Book of Youth),sarga57,https://valmikiramayan.net/utf8/baala/sarga57/bala_57_frame.htm
Bala Kanda ( Book of Youth),sarga58,https://valmikiramayan.net/utf8/baala/sarga58/bala_58_frame.htm
Bala Kanda ( Book of Youth),sarga59,https://valmikiramayan.net/utf8/baala/sarga59/bala_59_frame.htm
Bala Kanda ( Book of Youth),sarga60,https://valmikiramayan.net/utf8/baala/sarga60/bala_60_frame.htm
Bala Kanda ( Book of Youth),sarga61,https://valmikiramayan.net/utf8/baala/sarga61/bala_61_frame.htm
Bala Kanda ( Book of Youth),sarga62,https://valmikiramayan.net/utf8/baala/sarga62/bala_62_frame.htm
Bala Kanda ( Book of Youth),sarga63,https://valmikiramayan.net/utf8/baala/sarga63/bala_63_frame.htm
Bala Kanda ( Book of Youth),sarga64,https://valmikiramayan.net/utf8/baala/sarga64/bala_64_frame.htm
Bala Kanda ( Book of Youth),sarga65,https://valmikiramayan.net/utf8/baala/sarga65/bala_65_frame.htm
Bala Kanda ( Book of Youth),sarga66,https://valmikiramayan.net/utf8/baala/sarga66/bala_66_frame.htm
Bala Kanda ( Book of Youth),sarga67,https://valmikiramayan.net/utf8/baala/sarga67/bala_67_frame.htm
Bala Kanda ( Book of Youth),sarga68,https://valmikiramayan.net/utf8/baala/sarga68/bala_68_frame.htm
Bala Kanda ( Book of Youth),sarga69,https://valmikiramayan.net/utf8/baala/sarga69/bala_69_frame.htm
Bala Kanda ( Book of Youth),sarga70,https://valmikiramayan.net/utf8/baala/sarga70/bala_70_frame.htm
Bala Kanda ( Book of Youth),sarga71,https://valmikiramayan.net/utf8/baala/sarga71/bala_71_frame.htm
Bala Kanda ( Book of Youth),sarga72,https://valmikiramayan.net/utf8/baala/sarga72/bala_72_frame.htm
Bala Kanda ( Book of Youth),sarga73,https://valmikiramayan.net/utf8/baala/sarga73/bala_73_frame.htm
Bala Kanda ( Book of Youth),sarga74,https://valmikiramayan.net/utf8/baala/sarga74/bala_74_frame.htm
Bala Kanda ( Book of Youth),sarga75,https://valmikiramayan.net/utf8/baala/sarga75/bala_75_frame.htm
Bala Kanda ( Book of Youth),sarga76,https://valmikiramayan.net/utf8/baala/sarga76/bala_76_frame.htm
Bala Kanda ( Book of Youth),sarga77,https://valmikiramayan.net/utf8/baala/sarga77/bala_77_frame.htm
Ayodhya Kanda,sarga1,https://valmikiramayan.net/utf8/ayodhya/sarga1/ayodhya_1_frame.htm
Ayodhya Kanda,sarga2,https://valmikiramayan.net/utf8/ayodhya/sarga2/ayodhya_2_frame.htm
Ayodhya Kanda,sarga3,https://valmikiramayan.net/utf8/ayodhya/sarga3/ayodhya_3_frame.htm
Ayodhya Kanda,sarga4,https://valmikiramayan.net/utf8/ayodhya/sarga4/ayodhya_4_frame.htm
Ayodhya Kanda,sarga5,https://valmikiramayan.net/utf8/ayodhya/sarga5/ayodhya_5_frame.htm
Ayodhya Kanda,sarga6,https://valmikiramayan.net/utf8/ayodhya/sarga6/ayodhya_6_frame.htm
Ayodhya Kanda,sarga7,https://valmikiramayan.net/utf8/ayodhya/sarga7/ayodhya_7_frame.htm
Ayodhya Kanda,sarga8,https://valmikiramayan.net/utf8/ayodhya/sarga8/ayodhya_8_frame.htm
Ayodhya Kanda,sarga9,https://valmikiramayan.net/utf8/ayodhya/sarga9/ayodhya_9_frame.htm
Ayodhya Kanda,sarga10,https://valmikiramayan.net/utf8/ayodhya/sarga10/ayodhya_10_frame.htm
Ayodhya Kanda,sarga11,https://valmikiramayan.net/utf8/ayodhya/sarga11/ayodhya_11_frame.htm
Ayodhya Kanda,sarga12,https://valmikiramayan.net/utf8/ayodhya/sarga12/ayodhya_12_frame.htm
Ayodhya Kanda,sarga13,https://valmikiramayan.net/utf8/ayodhya/sarga13/ayodhya_13_frame.htm
Ayodhya Kanda,sarga14,https://valmikiramayan.net/utf8/ayodhya/sarga14/ayodhya_14_frame.htm
Ayodhya Kanda,sarga15,https://valmikiramayan.net/utf8/ayodhya/sarga15/ayodhya_15_frame.htm
Ayodhya Kanda,sarga16,https://valmikiramayan.net/utf8/ayodhya/sarga16/ayodhya_16_frame.htm
Ayodhya Kanda,sarga17,https://valmikiramayan.net/utf8/ayodhya/sarga17/ayodhya_17_frame.htm
Ayodhya Kanda,sarga18,https://valmikiramayan.net/utf8/ayodhya/sarga18/ayodhya_18_frame.htm
Ayodhya Kanda,sarga19,https://valmikiramayan.net/utf8/ayodhya/sarga19/ayodhya_19_frame.htm
Ayodhya Kanda,sarga20,https://valmikiramayan.net/utf8/ayodhya/sarga20/ayodhya_20_frame.htm
Ayodhya Kanda,sarga21,https://valmikiramayan.net/utf8/ayodhya/sarga21/ayodhya_21_frame.htm
Ayodhya Kanda,sarga22,https://valmikiramayan.net/utf8/ayodhya/sarga22/ayodhya_22_frame.htm
Ayodhya Kanda,sarga23,https://valmikiramayan.net/utf8/ayodhya/sarga23/ayodhya_23_frame.htm
Ayodhya Kanda,sarga24,https://valmikiramayan.net/utf8/ayodhya/sarga24/ayodhya_24_frame.htm
Ayodhya Kanda,sarga25,https://valmikiramayan.net/utf8/ayodhya/sarga25/ayodhya_5F25_frame.htm
Ayodhya Kanda,sarga26,https://valmikiramayan.net/utf8/ayodhya/sarga26/ayodhya_26_frame.htm
Ayodhya Kanda,sarga27,https://valmikiramayan.net/utf8/ayodhya/sarga27/ayodhya_27_frame.htm
Ayodhya Kanda,sarga28,https://valmikiramayan.net/utf8/ayodhya/sarga28/ayodhya_28_frame.htm
Ayodhya Kanda,sarga29,https://valmikiramayan.net/utf8/ayodhya/sarga29/ayodhya_29_frame.htm
Ayodhya Kanda,sarga30,https://valmikiramayan.net/utf8/ayodhya/sarga30/ayodhya_30_frame.htm
Ayodhya Kanda,sarga31,https://valmikiramayan.net/utf8/ayodhya/sarga31/ayodhya_31_frame.htm
Ayodhya Kanda,sarga32,https://valmikiramayan.net/utf8/ayodhya/sarga32/ayodhya_32_frame.htm
Ayodhya Kanda,sarga33,https://valmikiramayan.net/utf8/ayodhya/sarga33/ayodhya_33_frame.htm
Ayodhya Kanda,sarga34,https://valmikiramayan.net/utf8/ayodhya/sarga34/ayodhya_34_frame.htm
Ayodhya Kanda,sarga35,https://valmikiramayan.net/utf8/ayodhya/sarga35/ayodhya_35_frame.htm
Ayodhya Kanda,sarga36,https://valmikiramayan.net/utf8/ayodhya/sarga36/ayodhya_36_frame.htm
Ayodhya Kanda,sarga37,https://valmikiramayan.net/utf8/ayodhya/sarga37/ayodhya_37_frame.htm
Ayodhya Kanda,sarga38,https://valmikiramayan.net/utf8/ayodhya/sarga38/ayodhya_38_frame.htm
Ayodhya Kanda,sarga39,https://valmikiramayan.net/utf8/ayodhya/sarga39/ayodhya_39_frame.htm
Ayodhya Kanda,sarga40,https://valmikiramayan.net/utf8/ayodhya/sarga40/ayodhya_5F40_frame.htm
Ayodhya Kanda,sarga41,https://valmikiramayan.net/utf8/ayodhya/sarga41/ayodhya_41_frame.htm
Ayodhya Kanda,sarga42,https://valmikiramayan.net/utf8/ayodhya/sarga42/ayodhya_42_frame.htm
Ayodhya Kanda,sarga43,https://valmikiramayan.net/utf8/ayodhya/sarga43/ayodhya_43_frame.htm
Ayodhya Kanda,sarga44,https://valmikiramayan.net/utf8/ayodhya/sarga44/ayodhya_44_frame.htm
Ayodhya Kanda,sarga45,https://valmikiramayan.net/utf8/ayodhya/sarga45/ayodhya_45_frame.htm
Ayodhya Kanda,sarga46,https://valmikiramayan.net/utf8/ayodhya/sarga46/ayodhya_46_frame.htm
Ayodhya Kanda,sarga47,https://valmikiramayan.net/utf8/ayodhya/sarga47/ayodhya_47_frame.htm
Ayodhya Kanda,sarga48,https://valmikiramayan.net/utf8/ayodhya/sarga48/ayodhya_48_frame.htm
Ayodhya Kanda,sarga49,https://valmikiramayan.net/utf8/ayodhya/sarga49/ayodhya_49_frame.htm
Ayodhya Kanda,sarga50,https://valmikiramayan.net/utf8/ayodhya/sarga50/ayodhya_50_frame.htm
Ayodhya Kanda,sarga51,https://valmikiramayan.net/utf8/ayodhya/sarga51/ayodhya_51_frame.htm
Ayodhya Kanda,sarga52,https://valmikiramayan.net/utf8/ayodhya/sarga52/ayodhya_52_frame.htm
Ayodhya Kanda,sarga53,https://valmikiramayan.net/utf8/ayodhya/sarga53/ayodhya_53_frame.htm
Ayodhya Kanda,sarga54,https://valmikiramayan.net/utf8/ayodhya/sarga54/ayodhya_54_frame.htm
Ayodhya Kanda,sarga55,https://valmikiramayan.net/utf8/ayodhya/sarga55/ayodhya_55_frame.htm
Ayodhya Kanda,sarga56,https://valmikiramayan.net/utf8/ayodhya/sarga56/ayodhya_56_frame.htm
Ayodhya Kanda,sarga57,https://valmikiramayan.net/utf8/ayodhya/sarga57/ayodhya_57_frame.htm
Ayodhya Kanda,sarga58,https://valmikiramayan.net/utf8/ayodhya/sarga58/ayodhya_58_frame.htm
Ayodhya Kanda,sarga59,https://valmikiramayan.net/utf8/ayodhya/sarga59/ayodhya_59_frame.htm
Ayodhya Kanda,sarga60,https://valmikiramayan.net/utf8/ayodhya/sarga60/ayodhya_60_frame.htm
Ayodhya Kanda,sarga61,https://valmikiramayan.net/utf8/ayodhya/sarga61/ayodhya_61_frame.htm
Ayodhya Kanda,sarga62,https://valmikiramayan.net/utf8/ayodhya/sarga62/ayodhya_62_frame.htm
Ayodhya Kanda,sarga63,https://valmikiramayan.net/utf8/ayodhya/sarga63/ayodhya_63_frame.htm
Ayodhya Kanda,sarga64,https://valmikiramayan.net/utf8/ayodhya/sarga64/ayodhya_64_frame.htm
Ayodhya Kanda,sarga65,https://valmikiramayan.net/utf8/ayodhya/sarga65/ayodhya_65_frame.htm
Ayodhya Kanda,sarga66,https://valmikiramayan.net/utf8/ayodhya/sarga66/ayodhya_66_frame.htm
Ayodhya Kanda,sarga67,https://valmikiramayan.net/utf8/ayodhya/sarga67/ayodhya_67_frame.htm
Ayodhya Kanda,sarga68,https://valmikiramayan.net/utf8/ayodhya/sarga68/ayodhya_68_frame.htm
Ayodhya Kanda,sarga69,https://valmikiramayan.net/utf8/ayodhya/sarga69/ayodhya_69_frame.htm
Ayodhya Kanda,sarga70,https://valmikiramayan.net/utf8/ayodhya/sarga70/ayodhya_70_frame.htm
Ayodhya Kanda,sarga71,https://valmikiramayan.net/utf8/ayodhya/sarga71/ayodhya_71_frame.htm
Ayodhya Kanda,sarga72,https://valmikiramayan.net/utf8/ayodhya/sarga72/ayodhya_72_frame.htm
Ayodhya Kanda,sarga73,https://valmikiramayan.net/utf8/ayodhya/sarga73/ayodhya_73_frame.htm
Ayodhya Kanda,sarga74,https://valmikiramayan.net/utf8/ayodhya/sarga74/ayodhya_74_frame.htm
Ayodhya Kanda,sarga75,https://valmikiramayan.net/utf8/ayodhya/sarga75/ayodhya_75_frame.htm
Ayodhya Kanda,sarga76,https://valmikiramayan.net/utf8/ayodhya/sarga76/ayodhya_76_frame.htm
Ayodhya Kanda,sarga77,https://valmikiramayan.net/utf8/ayodhya/sarga77/ayodhya_77_frame.htm
Ayodhya Kanda,sarga78,https://valmikiramayan.net/utf8/ayodhya/sarga78/ayodhya_78_frame.htm
Ayodhya Kanda,sarga79,https://valmikiramayan.net/utf8/ayodhya/sarga79/ayodhya_79_frame.htm
Ayodhya Kanda,sarga80,https://valmikiramayan.net/utf8/ayodhya/sarga80/ayodhya_80_frame.htm
Ayodhya Kanda,sarga81,https://valmikiramayan.net/utf8/ayodhya/sarga81/ayodhya_81_frame.htm
Ayodhya Kanda,sarga82,https://valmikiramayan.net/utf8/ayodhya/sarga82/ayodhya_82_frame.htm
Ayodhya Kanda,sarga83,https://valmikiramayan.net/utf8/ayodhya/sarga83/ayodhya_83_frame.htm
Ayodhya Kanda,sarga84,https://valmikiramayan.net/utf8/ayodhya/sarga84/ayodhya_84_frame.htm
Ayodhya Kanda,sarga85,https://valmikiramayan.net/utf8/ayodhya/sarga85/ayodhya_85_frame.htm
Ayodhya Kanda,sarga86,https://valmikiramayan.net/utf8/ayodhya/sarga86/ayodhya_86_frame.htm
Ayodhya Kanda,sarga87,https://valmikiramayan.net/utf8/ayodhya/sarga87/ayodhya_87_frame.htm
Ayodhya Kanda,sarga88,https://valmikiramayan.net/utf8/ayodhya/sarga88/ayodhya_88_frame.htm
Ayodhya Kanda,sarga89,https://valmikiramayan.net/utf8/ayodhya/sarga89/ayodhya_89_frame.htm
Ayodhya Kanda,sarga90,https://valmikiramayan.net/utf8/ayodhya/sarga90/ayodhya_90_frame.htm
Ayodhya Kanda,sarga91,https://valmikiramayan.net/utf8/ayodhya/sarga91/ayodhya_91_frame.htm
Ayodhya Kanda,sarga92,https://valmikiramayan.net/utf8/ayodhya/sarga92/ayodhya_92_frame.htm
Ayodhya Kanda,sarga93,https://valmikiramayan.net/utf8/ayodhya/sarga93/ayodhya_93_frame.htm
Ayodhya Kanda,sarga94,https://valmikiramayan.net/utf8/ayodhya/sarga94/ayodhya_94_frame.htm
Ayodhya Kanda,sarga95,https://valmikiramayan.net/utf8/ayodhya/sarga95/ayodhya_95_frame.htm
Ayodhya Kanda,sarga96,https://valmikiramayan.net/utf8/ayodhya/sarga96/ayodhya_96_frame.htm
Ayodhya Kanda,sarga97,https://valmikiramayan.net/utf8/ayodhya/sarga97/ayodhya_97_frame.htm
Ayodhya Kanda,sarga98,https://valmikiramayan.net/utf8/ayodhya/sarga98/ayodhya_98_frame.htm
Ayodhya Kanda,sarga99,https://valmikiramayan.net/utf8/ayodhya/sarga99/ayodhya_99_frame.htm
Ayodhya Kanda,sarga100,https://valmikiramayan.net/utf8/ayodhya/sarga100/ayodhya_100_frame.htm
Ayodhya Kanda,sarga101,https://valmikiramayan.net/utf8/ayodhya/sarga101/ayodhya_101_frame.htm
Ayodhya Kanda,sarga102,https://valmikiramayan.net/utf8/ayodhya/sarga102/ayodhya_102_frame.htm
Ayodhya Kanda,sarga103,https://valmikiramayan.net/utf8/ayodhya/sarga103/ayodhya_103_frame.htm
Ayodhya Kanda,sarga104,https://valmikiramayan.net/utf8/ayodhya/sarga104/ayodhya_104_frame.htm
Ayodhya Kanda,sarga105,https://valmikiramayan.net/utf8/ayodhya/sarga105/ayodhya_105_frame.htm
Ayodhya Kanda,sarga106,https://valmikiramayan.net/utf8/ayodhya/sarga106/ayodhya_106_frame.htm
Ayodhya Kanda,sarga107,https://valmikiramayan.net/utf8/ayodhya/sarga107/ayodhya_107_frame.htm
Ayodhya Kanda,sarga108,https://valmikiramayan.net/utf8/ayodhya/sarga108/ayodhya_108_frame.htm
Ayodhya Kanda,sarga109,https://valmikiramayan.net/utf8/ayodhya/sarga109/ayodhya_109_frame.htm
Ayodhya Kanda,sarga110,https://valmikiramayan.net/utf8/ayodhya/sarga110/ayodhya_110_frame.htm
Ayodhya Kanda,sarga111,https://valmikiramayan.net/utf8/ayodhya/sarga111/ayodhya_111_frame.htm
Ayodhya Kanda,sarga112,https://valmikiramayan.net/utf8/ayodhya/sarga112/ayodhya_112_frame.htm
Ayodhya Kanda,sarga113,https://valmikiramayan.net/utf8/ayodhya/sarga113/ayodhya_113_frame.htm
Ayodhya Kanda,sarga114,https://valmikiramayan.net/utf8/ayodhya/sarga114/ayodhya_114_frame.htm
Ayodhya Kanda,sarga115,https://valmikiramayan.net/utf8/ayodhya/sarga115/ayodhya_115_frame.htm
Ayodhya Kanda,sarga116,https://valmikiramayan.net/utf8/ayodhya/sarga116/ayodhya_116_frame.htm
Ayodhya Kanda,sarga117,https://valmikiramayan.net/utf8/ayodhya/sarga117/ayodhya_117_frame.htm
Ayodhya Kanda,sarga118,https://valmikiramayan.net/utf8/ayodhya/sarga118/ayodhya_118_frame.htm
Ayodhya Kanda,sarga119,https://valmikiramayan.net/utf8/ayodhya/sarga119/ayodhya_119_frame.htm
